{"noiseKey":{"private":{"type":"Buffer","data":"0J68k3PXPVeOE/PFE6IDMKt0Pcinirex1GARE26F+GU="},"public":{"type":"Buffer","data":"1h+Vw0KFydBPsun9S91xombbf/2ZkEv0nFe23zEEUW0="}},"pairingEphemeralKeyPair":{"private":{"type":"Buffer","data":"aHIO8gSkCgGAqMkEjMaejvC0V5O+7pEkN0cjbVxHBWo="},"public":{"type":"Buffer","data":"n+pFya3Y35FTdxLYLuqpiMIhwCYnyCDM2WYQlOYbExE="}},"signedIdentityKey":{"private":{"type":"Buffer","data":"sJcMil2X9N568caZkSfsk4pp88CyUSTqqtt7j2eHI1w="},"public":{"type":"Buffer","data":"YQUlXiHYTYAIRoxccm71jQ2ewTplvpDpOn4xrde2SSQ="}},"signedPreKey":{"keyPair":{"private":{"type":"Buffer","data":"gLSgZVeeGNKHfxxx/ei5Oj4ewV2SFus763gLFGrWHk4="},"public":{"type":"Buffer","data":"4DlgXyj5jTDxNNdkhjUWevzrIDo+Lx6UMzLnAP552QA="}},"signature":{"type":"Buffer","data":"VEO0VKE3u7g1vHdciOxlMuqAzf932ugTZcVppttwwkC818xPWQNtOxflyIq9altqDOq4+/lu9CDw/tzB1TCqAg=="},"keyId":1},"registrationId":125,"advSecretKey":"qUzBcC1lTHk/4iFYQOI7Os/1DbzY8K65LgiQr9IwhJg=","processedHistoryMessages":[],"nextPreKeyId":31,"firstUnuploadedPreKeyId":31,"accountSyncCounter":0,"accountSettings":{"unarchiveChats":false},"deviceId":"_Y6847_6QeWPqHRsqg-Kug","phoneId":"3a18108c-0db7-4c1f-87fe-8c30c29893c3","identityId":{"type":"Buffer","data":"7EX8K2/f1mtggXKwhql610geb+E="},"registered":true,"backupToken":{"type":"Buffer","data":"bHTNg8dMJ53LwtjVVJubYsszAuc="},"registration":{},"pairingCode":"HVN2K4XC","me":{"id":"6285231228970:11@s.whatsapp.net"},"account":{"details":"CLuBv7kEEPbts60GGAEgACgA","accountSignatureKey":"En1SwL0KPAtiEEnqnRYI4E84AaVQQjRzzgZw5gbd4iQ=","accountSignature":"H48qG43KQDKBC0UZ18f7Bgs6+BJcLzHuM8/+kmsD7WdA1b1dC2Z3cJcWF3wuUtYEQVGPPFs9Yb+I6FLOkKDBDQ==","deviceSignature":"ogmAPytIZZHXaZFJj98i1Iq+269KlAtjpgTuIuY2vFBp3x8oQa3ym4QCchZ1Wjtp/ehX5n6bA9EOQzmeFpt8DQ=="},"signalIdentities":[{"identifier":{"name":"6285231228970:11@s.whatsapp.net","deviceId":0},"identifierKey":{"type":"Buffer","data":"BRJ9UsC9CjwLYhBJ6p0WCOBPOAGlUEI0c84GcOYG3eIk"}}],"platform":"android","lastAccountSyncTimestamp":1705834233}